{
  "creator": "Yosys 0.34 (git sha1 4a1b5599258, gcc 8.3.1 -fPIC -Os)",
  "modules": {
    "adder": {
      "attributes": {
        "top": "00000000000000000000000000000001",
        "src": "/home/hussain/OpenLane/adder/src/adder.v:1.1-11.10"
      },
      "ports": {
        "a": {
          "direction": "input",
          "bits": [ 2 ]
        },
        "b": {
          "direction": "input",
          "bits": [ 3 ]
        },
        "sum": {
          "direction": "output",
          "bits": [ 4 ]
        },
        "cout": {
          "direction": "output",
          "bits": [ 5 ]
        }
      },
      "cells": {
        "$abc$86$auto$blifparse.cc:386:parse_blif$87": {
          "hide_name": 1,
          "type": "sky130_fd_sc_hd__xor2_2",
          "parameters": {
          },
          "attributes": {
          },
          "connections": {
            "A": [ 3 ],
            "B": [ 2 ],
            "X": [ 4 ]
          }
        },
        "$abc$86$auto$blifparse.cc:386:parse_blif$88": {
          "hide_name": 1,
          "type": "sky130_fd_sc_hd__and2_2",
          "parameters": {
          },
          "attributes": {
          },
          "connections": {
            "A": [ 3 ],
            "B": [ 2 ],
            "X": [ 6 ]
          }
        },
        "$abc$86$auto$blifparse.cc:386:parse_blif$89": {
          "hide_name": 1,
          "type": "sky130_fd_sc_hd__buf_1",
          "parameters": {
          },
          "attributes": {
          },
          "connections": {
            "A": [ 6 ],
            "X": [ 5 ]
          }
        }
      },
      "netnames": {
        "$abc$86$new_n6": {
          "hide_name": 1,
          "bits": [ 6 ],
          "attributes": {
          }
        },
        "a": {
          "hide_name": 0,
          "bits": [ 2 ],
          "attributes": {
            "src": "/home/hussain/OpenLane/adder/src/adder.v:3.16-3.17"
          }
        },
        "b": {
          "hide_name": 0,
          "bits": [ 3 ],
          "attributes": {
            "src": "/home/hussain/OpenLane/adder/src/adder.v:4.16-4.17"
          }
        },
        "cout": {
          "hide_name": 0,
          "bits": [ 5 ],
          "attributes": {
            "src": "/home/hussain/OpenLane/adder/src/adder.v:7.17-7.21"
          }
        },
        "sum": {
          "hide_name": 0,
          "bits": [ 4 ],
          "attributes": {
            "src": "/home/hussain/OpenLane/adder/src/adder.v:6.17-6.20"
          }
        }
      }
    }
  }
}
